initial_latitude_deg,initial_longitude_deg,sounding_m,min_depth_m,max_depth_m,pres,temp,trans,fluo,sal,dens,svan,n2,sigt,theta,sigthe,freez_t,o2,p_h,no3,par,s_par,x18,cdomv,transect
70.6683,-139.6572,1740.0,3.31,297.08,3.0,3.945,85.84,0.0,,,,,,,,,,,2.442,276.133,517.48,,0.156,600.0
70.6683,-139.6572,1740.0,3.31,297.08,4.0,3.63,85.89,0.0,20.366,16.21,1141.0,,16.189,3.63,16.189,-1.11,8.057,,2.44,236.804,517.48,,0.152,600.0
70.6683,-139.6572,1740.0,3.31,297.08,5.0,2.96,86.01,0.0,20.941,16.71,1093.0,0.0049700000000000005,16.683,2.96,16.683,-1.14,8.148,,3.096,181.918,517.48,,0.147,600.0
70.6683,-139.6572,1740.0,3.31,297.08,6.0,2.366,86.07,0.0,21.579,17.25,1041.0,0.00598,17.22,2.366,17.22,-1.17,8.017999999999999,,3.145,141.283,517.48,,0.141,600.0
70.6683,-139.6572,1740.0,3.31,297.08,7.0,1.838,86.18,0.0,22.432,17.96,973.0,0.0108,17.924,1.838,17.924,-1.22,8.132,,3.147,111.798,517.48,,0.136,600.0
70.6683,-139.6572,1740.0,3.31,297.08,8.0,0.298,86.2,0.0,24.279,19.49,825.0,0.00853,19.454,0.298,19.454,-1.32,8.757,,3.039,91.778,517.48,,0.118,600.0
70.6683,-139.6572,1740.0,3.31,297.08,9.0,-0.037000000000000005,85.88,0.0,24.571,19.74,802.0,0.00379,19.696,-0.037000000000000005,19.696,-1.34,8.86,,2.9760000000000004,77.072,517.48,,0.098,600.0
70.6683,-139.6572,1740.0,3.31,297.08,10.0,0.7829999999999999,85.78,0.0,25.278,20.29,750.0,0.00761,20.243,0.7829999999999999,20.243,-1.38,8.593,,2.971,67.185,517.48,,0.094,600.0
70.6683,-139.6572,1740.0,3.31,297.08,11.0,0.873,87.21,0.0,26.575,21.33,650.0,0.0072099999999999985,21.282,0.873,21.282,-1.45,8.515,,2.963,60.278,516.211,,0.092,600.0
70.6683,-139.6572,1740.0,3.31,297.08,12.0,0.63,87.3,0.0,27.142,21.8,605.0,0.00285,21.747,0.63,21.747,-1.49,8.585,,1.445,54.451,515.4,,0.085,600.0
70.6683,-139.6572,1740.0,3.31,297.08,13.0,0.461,87.24,0.0,27.296,21.94,593.0,0.0015,21.877,0.461,21.877,-1.5,8.636000000000001,,1.192,49.343,515.4,,0.083,600.0
70.6683,-139.6572,1740.0,3.31,297.08,14.0,0.452,87.75,0.0,27.522,22.13,575.0,0.00128,22.059,0.452,22.059,-1.51,8.648,,1.1909999999999998,45.191,515.4,,0.08199999999999999,600.0
70.6683,-139.6572,1740.0,3.31,297.08,15.0,0.355,88.02,0.0,27.622,22.21,567.0,0.000616,22.143,0.355,22.143,-1.52,8.711,,1.276,41.65,513.9169999999998,,0.081,600.0
70.6683,-139.6572,1740.0,3.31,297.08,16.0,0.278,88.25,0.0,27.674,22.26,563.0,0.0008230000000000001,22.187,0.278,22.187,-1.52,8.802,,2.216,38.359,513.31,,0.079,600.0
70.6683,-139.6572,1740.0,3.31,297.08,17.0,0.369,88.34,0.0,27.836,22.4,551.0,0.00123,22.314,0.369,22.314,-1.53,8.792,,2.215,35.43199999999999,513.31,,0.081,600.0
70.6683,-139.6572,1740.0,3.31,297.08,18.0,0.329,88.39,0.0,27.996,22.53,538.0,0.00153,22.445,0.329,22.445,-1.54,8.886000000000003,,2.21,32.85,512.366,,0.08199999999999999,600.0
70.6683,-139.6572,1740.0,3.31,297.08,19.0,0.354,88.53,0.0,28.231,22.72,520.0,0.00155,22.633000000000006,0.354,22.633000000000006,-1.55,8.873,,2.212,30.642,511.22,,0.08199999999999999,600.0
70.6683,-139.6572,1740.0,3.31,297.08,20.0,0.28,88.54,0.0,28.396,22.86,507.0,0.00134,22.769,0.279,22.769,-1.56,8.915,,2.214,28.566,511.22,,0.083,600.0
70.6683,-139.6572,1740.0,3.31,297.08,21.0,0.2,88.64,0.0,28.572,23.01,494.0,0.00107,22.913,0.199,22.913,-1.57,8.994,,2.212,26.657,511.22,,0.083,600.0
70.6683,-139.6572,1740.0,3.31,297.08,22.0,0.101,88.68,0.0,28.665,23.1,486.0,0.000955,22.992,0.1,22.992,-1.58,8.971,,2.216,24.872,510.908,,0.083,600.0
70.6683,-139.6572,1740.0,3.31,297.08,23.0,0.252,88.75,0.0,28.822,23.22,475.0,0.00097,23.113000000000003,0.251,23.113000000000003,-1.59,8.847000000000003,,2.6460000000000004,23.191,509.209,,0.083,600.0
70.6683,-139.6572,1740.0,3.31,297.08,24.0,0.07200000000000001,88.75,0.0,28.915,23.31,467.0,0.00062,23.194000000000006,0.071,23.194000000000006,-1.59,8.986,,3.004,21.743,509.14,,0.08800000000000001,600.0
70.6683,-139.6572,1740.0,3.31,297.08,25.0,-0.294,88.82,0.0,28.959,23.36,462.0,0.000504,23.242,-0.295,23.242,-1.6,9.074,,3.005,20.471,509.14,,0.083,600.0
70.6683,-139.6572,1740.0,3.31,297.08,26.0,-0.326,88.86,0.0,29.029,23.42,457.0,0.00053,23.299,-0.327,23.299,-1.6,9.084,,3.003,19.216,508.396,,0.081,600.0
70.6683,-139.6572,1740.0,3.31,297.08,27.0,-0.301,88.88,0.0,29.096,23.48,452.0,0.0004969999999999999,23.352,-0.302,23.353,-1.61,9.003,,3.174,18.063,507.05,,0.08199999999999999,600.0
70.6683,-139.6572,1740.0,3.31,297.08,28.0,-0.19,88.87,0.0,29.163,23.54,447.0,0.000409,23.403,-0.191,23.403,-1.61,9.031,,3.279,17.08,507.05,,0.083,600.0
70.6683,-139.6572,1740.0,3.31,297.08,29.0,-0.349,88.82,0.0,29.2,23.58,443.0,0.00034,23.438,-0.35,23.438,-1.61,9.103,,3.276,16.214000000000002,506.944,,0.08199999999999999,600.0
70.6683,-139.6572,1740.0,3.31,297.08,30.0,-0.29100000000000004,88.86,0.0,29.247,23.62,440.0,0.000388,23.474,-0.292,23.474,-1.62,9.056,,3.278,15.4,505.066,,0.083,600.0
70.6683,-139.6572,1740.0,3.31,297.08,31.0,-0.163,88.81,0.0,29.308000000000003,23.67,436.0,0.000355,23.519,-0.16399999999999998,23.519,-1.62,8.984,,3.109,14.647,504.96,,0.085,600.0
70.6683,-139.6572,1740.0,3.31,297.08,32.0,-0.14400000000000002,88.87,0.0,29.345,23.7,433.0,0.000277,23.548,-0.145,23.548,-1.63,9.055,,3.04,13.949000000000002,504.713,,0.09,600.0
70.6683,-139.6572,1740.0,3.31,297.08,33.0,-0.225,88.89,0.0,29.377,23.74,430.0,0.000374,23.577,-0.226,23.577,-1.63,8.993,,3.0410000000000004,13.281,502.951,,0.087,600.0
70.6683,-139.6572,1740.0,3.31,297.08,34.0,-0.141,88.92,0.0,29.442,23.79,425.0,0.000455,23.627,-0.142,23.627,-1.63,8.993,,3.04,12.611,502.88,,0.084,600.0
70.6683,-139.6572,1740.0,3.31,297.08,35.0,-0.246,88.96,0.0,29.494,23.84,421.0,0.000537,23.672,-0.247,23.672,-1.64,9.023,,3.708,11.965,502.88,,0.08800000000000001,600.0
70.6683,-139.6572,1740.0,3.31,297.08,36.0,-0.334,88.78,0.0,29.573,23.91,415.0,0.0005549999999999999,23.739,-0.335,23.739,-1.64,9.053,,3.898,11.383,501.8,,0.08800000000000001,600.0
70.6683,-139.6572,1740.0,3.31,297.08,37.0,-0.435,88.98,0.0,29.63,23.97,410.0,0.000413,23.788,-0.436,23.788,-1.64,9.068,,3.898,10.838,500.79,,0.087,600.0
70.6683,-139.6572,1740.0,3.31,297.08,38.0,-0.512,89.0,0.0,29.673,24.01,406.0,0.000354,23.825,-0.513,23.825,-1.65,9.047,,3.898,10.334,500.79,,0.086,600.0
70.6683,-139.6572,1740.0,3.31,297.08,39.0,-0.5820000000000001,88.97,0.0,29.716,24.05,403.0,0.0003,23.862,-0.583,23.862,-1.65,9.089,,2.9730000000000003,9.849,500.755,,0.086,600.0
70.6683,-139.6572,1740.0,3.31,297.08,40.0,-0.633,89.02,0.0,29.746,24.08,400.0,0.000245,23.887,-0.634,23.887,-1.65,9.109,,2.821,9.396,498.948,,0.086,600.0
70.6683,-139.6572,1740.0,3.31,297.08,41.0,-0.677,89.02,0.0,29.776,24.11,398.0,0.00021,23.913,-0.6779999999999999,23.913,-1.66,9.111,,2.821,8.968,498.7,,0.087,600.0
70.6683,-139.6572,1740.0,3.31,297.08,42.0,-0.6990000000000001,88.91,0.0,29.798,24.13,396.0,0.000161,23.931,-0.7,23.931,-1.66,9.129,,2.821,8.57,498.7,,0.086,600.0
70.6683,-139.6572,1740.0,3.31,297.08,43.0,-0.725,89.02,0.0,29.816,24.15,395.0,0.00015900000000000002,23.946,-0.726,23.947,-1.66,9.141,,3.958,8.181000000000001,497.452,,0.087,600.0
70.6683,-139.6572,1740.0,3.31,297.08,44.0,-0.7609999999999999,89.01,0.0,29.837,24.18,393.0,0.00017,23.964,-0.762,23.964,-1.66,9.159,,4.015,7.8039999999999985,496.62,,0.087,600.0
70.6683,-139.6572,1740.0,3.31,297.08,45.0,-0.785,89.02,0.0,29.858,24.2,391.0,0.000166,23.982,-0.7859999999999999,23.982,-1.66,9.162,,4.015,7.447999999999999,496.0630000000001,,0.087,600.0
70.6683,-139.6572,1740.0,3.31,297.08,46.0,-0.8140000000000001,89.02,0.0,29.878,24.22,390.0,0.000153,23.999,-0.815,23.999,-1.67,9.174,,3.989,7.1179999999999986,494.53,,0.08800000000000001,600.0
70.6683,-139.6572,1740.0,3.31,297.08,47.0,-0.8290000000000001,88.99,0.0,29.896,24.24,388.0,0.000143,24.014,-0.83,24.014,-1.67,9.171,,3.725,6.796,494.53,,0.08800000000000001,600.0
70.6683,-139.6572,1740.0,3.31,297.08,48.0,-0.8420000000000001,88.98,0.0,29.914,24.26,387.0,0.000154,24.029,-0.843,24.029,-1.67,9.168,,3.725,6.481,494.359,,0.08800000000000001,600.0
70.6683,-139.6572,1740.0,3.31,297.08,49.0,-0.882,88.99,0.0,29.934,24.28,385.0,0.000202,24.046,-0.883,24.046,-1.67,9.176,,3.725,6.176,492.475,,0.08800000000000001,600.0
70.6683,-139.6572,1740.0,3.31,297.08,50.0,-0.909,88.98,0.0,29.964,24.31,383.0,0.000236,24.071,-0.91,24.071,-1.67,9.152,,3.478,5.89,492.44,,0.08900000000000001,600.0
70.6683,-139.6572,1740.0,3.31,297.08,51.0,-0.882,88.98,0.0,29.995,24.34,380.0,0.000265,24.095,-0.883,24.095,-1.68,9.145,,2.614,5.612,492.301,,0.08900000000000001,600.0
70.6683,-139.6572,1740.0,3.31,297.08,52.0,-0.927,88.97,0.0,30.032,24.38,377.0,0.000302,24.126,-0.928,24.127,-1.68,9.163,,2.615,5.3420000000000005,490.53,,0.08900000000000001,600.0
70.6683,-139.6572,1740.0,3.31,297.08,53.0,-0.942,88.96,0.0,30.071,24.41,374.0,0.000299,24.158,-0.943,24.158,-1.68,9.142,,2.615,5.082,490.36,,0.09,600.0
70.6683,-139.6572,1740.0,3.31,297.08,54.0,-0.936,88.93,0.0,30.109,24.45,371.0,0.000331,24.189,-0.937,24.189,-1.68,9.113,,2.587,4.841,489.524,,0.09,600.0
70.6683,-139.6572,1740.0,3.31,297.08,55.0,-0.959,88.93,0.0,30.156,24.49,368.0,0.000386,24.228,-0.96,24.228,-1.69,9.108,,2.537,4.599,488.27,,0.09,600.0
70.6683,-139.6572,1740.0,3.31,297.08,56.0,-1.021,88.93,0.0,30.206,24.54,364.0,0.000387,24.27,-1.022,24.27,-1.69,9.144,,2.536,4.371,488.27,,0.091,600.0
70.6683,-139.6572,1740.0,3.31,297.08,57.0,-1.019,88.88,0.0,30.254,24.58,360.0,0.000393,24.309,-1.02,24.309,-1.7,9.137,,2.535,4.158,486.668,,0.092,600.0
70.6683,-139.6572,1740.0,3.31,297.08,58.0,-1.009,88.94,0.0,30.308000000000003,24.63,356.0,0.0004,24.352,-1.01,24.352,-1.7,9.104,,2.918,3.95,486.18,,0.091,600.0
70.6683,-139.6572,1740.0,3.31,297.08,59.0,-1.033,88.95,0.0,30.357,24.68,352.0,0.000348,24.392,-1.034,24.392,-1.7,9.104,,3.273,3.753,485.66,,0.09,600.0
70.6683,-139.6572,1740.0,3.31,297.08,60.0,-1.065,88.94,0.0,30.396,24.71,349.0,0.000324,24.425,-1.0659999999999998,24.425,-1.71,9.116,,3.273,3.562,484.1,,0.091,600.0
70.6683,-139.6572,1740.0,3.31,297.08,61.0,-1.086,88.93,0.0,30.439,24.75,346.0,0.000348,24.46,-1.087,24.46,-1.71,9.081,,3.273,3.383,484.1,,0.091,600.0
70.6683,-139.6572,1740.0,3.31,297.08,62.0,-1.095,88.92,0.0,30.485,24.8,342.0,0.00035,24.497,-1.096,24.497,-1.71,9.059,,3.273,3.2110000000000003,482.881,,0.092,600.0
70.6683,-139.6572,1740.0,3.31,297.08,63.0,-1.103,88.91,0.0,30.529,24.84,339.0,0.000332,24.533,-1.104,24.533,-1.72,9.071,,3.273,3.0460000000000003,482.01,,0.093,600.0
70.6683,-139.6572,1740.0,3.31,297.08,64.0,-1.12,88.89,0.0,30.57,24.88,335.0,0.00031800000000000003,24.567,-1.121,24.567,-1.72,8.98,,3.273,2.891,481.696,,0.092,600.0
70.6683,-139.6572,1740.0,3.31,297.08,65.0,-1.141,88.92,0.0,30.61,24.91,332.0,0.000308,24.6,-1.142,24.6,-1.72,8.722000000000001,,3.273,2.738,479.92,,0.093,600.0
70.6683,-139.6572,1740.0,3.31,297.08,66.0,-1.199,88.89,0.0,30.647,24.95,329.0,0.000307,24.631,-1.2,24.631,-1.72,8.57,,3.584,2.593,479.92,,0.099,600.0
70.6683,-139.6572,1740.0,3.31,297.08,67.0,-1.249,87.75,0.0,30.686,24.99,326.0,0.00034700000000000003,24.664,-1.25,24.664,-1.73,8.519,,3.623,2.459,478.429,,0.103,600.0
70.6683,-139.6572,1740.0,3.31,297.08,68.0,-1.255,88.94,0.0,30.735,25.03,322.0,0.000402,24.704,-1.256,24.704,-1.73,8.599,,3.625,2.3280000000000003,477.84,,0.107,600.0
70.6683,-139.6572,1740.0,3.31,297.08,69.0,-1.21,88.95,0.0,30.791,25.08,318.0,0.00043,24.748,-1.211,24.748,-1.73,8.627,,3.594,2.2,476.83,,0.107,600.0
70.6683,-139.6572,1740.0,3.31,297.08,70.0,-1.194,88.99,0.0,30.848000000000006,25.13,314.0,0.000389,24.794,-1.195,24.794,-1.74,8.458,,2.51,2.075,475.75,,0.103,600.0
70.6683,-139.6572,1740.0,3.31,297.08,71.0,-1.1909999999999998,89.02,0.0,30.892,25.17,310.0,0.000362,24.83,-1.192,24.83,-1.74,8.552999999999999,,2.512,1.957,475.68,,0.108,600.0
70.6683,-139.6572,1740.0,3.31,297.08,72.0,-1.177,89.03,0.0,30.942,25.22,306.0,0.00035,24.87,-1.178,24.87,-1.75,8.664,,2.515,1.849,473.761,,0.105,600.0
70.6683,-139.6572,1740.0,3.31,297.08,73.0,-1.144,89.04,0.0,30.984,25.26,303.0,0.000301,24.903,-1.145,24.903,-1.75,8.621,,2.912,1.746,473.66,,0.103,600.0
70.6683,-139.6572,1740.0,3.31,297.08,74.0,-1.138,89.05,0.0,31.021,25.29,300.0,0.000308,24.933000000000003,-1.139,24.933000000000003,-1.75,8.603,,4.2010000000000005,1.65,472.239,,0.101,600.0
70.6683,-139.6572,1740.0,3.31,297.08,75.0,-1.133,89.05,0.0,31.064,25.33,297.0,0.000355,24.968000000000004,-1.134,24.968000000000004,-1.75,8.616,,4.202,1.561,471.58,,0.101,600.0
70.6683,-139.6572,1740.0,3.31,297.08,76.0,-1.128,89.07,0.0,31.113000000000003,25.37,293.0,0.00036,25.007,-1.129,25.007,-1.76,8.5,,4.2,1.4780000000000002,471.066,,0.1,600.0
70.6683,-139.6572,1740.0,3.31,297.08,77.0,-1.136,89.04,0.0,31.157,25.41,290.0,0.000364,25.043000000000006,-1.137,25.043000000000006,-1.76,8.463,,4.147,1.399,469.49,,0.1,600.0
70.6683,-139.6572,1740.0,3.31,297.08,78.0,-1.127,89.07,0.0,31.207,25.46,286.0,0.000368,25.083,-1.129,25.083,-1.76,8.345,,4.074,1.325,468.942,,0.102,600.0
70.6683,-139.6572,1740.0,3.31,297.08,79.0,-1.137,89.08,0.0,31.252,25.5,283.0,0.000376,25.12,-1.139,25.12,-1.77,8.34,,4.077,1.254,467.4,,0.104,600.0
70.6683,-139.6572,1740.0,3.31,297.08,80.0,-1.133,89.06,0.0,31.304,25.55,279.0,0.000355,25.162,-1.135,25.162,-1.77,8.132,,4.077,1.188,467.332,,0.103,600.0
70.6683,-139.6572,1740.0,3.31,297.08,81.0,-1.157,89.06,0.0,31.343000000000004,25.59,276.0,0.000331,25.194000000000006,-1.159,25.194000000000006,-1.77,7.8679999999999986,,4.917,1.123,465.389,,0.104,600.0
70.6683,-139.6572,1740.0,3.31,297.08,82.0,-1.177,89.07,0.0,31.388,25.63,272.0,0.000405,25.231,-1.179,25.231,-1.78,7.86,,5.5310000000000015,1.062,465.32,,0.108,600.0
70.6683,-139.6572,1740.0,3.31,297.08,83.0,-1.177,89.06,0.0,31.447,25.68,267.0,0.000443,25.279,-1.179,25.279,-1.78,8.027999999999999,,5.532,1.004,464.326,,0.11,600.0
70.6683,-139.6572,1740.0,3.31,297.08,84.0,-1.161,89.05,0.0,31.503,25.73,263.0,0.0004190000000000001,25.324,-1.163,25.324,-1.79,8.123,,5.547999999999999,0.947,463.23,,0.11,600.0
70.6683,-139.6572,1740.0,3.31,297.08,85.0,-1.158,89.05,0.0,31.556,25.78,259.0,0.000361,25.367,-1.16,25.367,-1.79,8.045,,6.999,0.894,462.476,,0.106,600.0
70.6683,-139.6572,1740.0,3.31,297.08,86.0,-1.167,89.06,0.0,31.596,25.81,256.0,0.000301,25.4,-1.169,25.4,-1.79,7.864,,7.546,0.8440000000000001,461.14,,0.105,600.0
70.6683,-139.6572,1740.0,3.31,297.08,87.0,-1.179,89.06,0.0,31.633000000000006,25.85,253.0,0.000317,25.43,-1.181,25.43,-1.8,7.789,,7.548999999999999,0.799,460.932,,0.106,600.0
70.6683,-139.6572,1740.0,3.31,297.08,88.0,-1.19,89.03,0.0,31.677,25.89,250.0,0.000383,25.466,-1.192,25.466,-1.8,7.711,,7.55,0.754,459.094,,0.107,600.0
70.6683,-139.6572,1740.0,3.31,297.08,89.0,-1.206,89.07,0.0,31.731,25.94,245.0,0.000422,25.51,-1.208,25.51,-1.8,7.615,,7.058,0.713,459.06,,0.107,600.0
70.6683,-139.6572,1740.0,3.31,297.08,90.0,-1.222,89.06,0.0,31.785,25.99,241.0,0.000392,25.554,-1.224,25.554,-1.81,7.511,,6.99,0.675,457.806,,0.109,600.0
70.6683,-139.6572,1740.0,3.31,297.08,91.0,-1.241,89.07,0.0,31.831,26.03,238.0,0.000408,25.592,-1.243,25.592,-1.81,7.362,,6.9910000000000005,0.637,456.97,,0.11,600.0
70.6683,-139.6572,1740.0,3.31,297.08,92.0,-1.264,89.02,0.0,31.889,26.08,233.0,0.0004,25.64,-1.266,25.64,-1.81,7.249,,7.0070000000000014,0.602,456.239,,0.111,600.0
70.6683,-139.6572,1740.0,3.31,297.08,93.0,-1.2819999999999998,89.07,0.0,31.933000000000003,26.12,230.0,0.000295,25.676,-1.284,25.676,-1.82,7.148,,9.151,0.569,454.88,,0.112,600.0
70.6683,-139.6572,1740.0,3.31,297.08,94.0,-1.298,89.08,0.0,31.964,26.15,227.0,0.000229,25.701,-1.3,25.701,-1.82,7.0539999999999985,,9.169,0.5379999999999999,454.809,,0.114,600.0
70.6683,-139.6572,1740.0,3.31,297.08,95.0,-1.3119999999999998,89.08,0.0,31.991,26.18,225.0,0.0002,25.724,-1.314,25.724,-1.82,7.006,,9.174,0.508,452.904,,0.115,600.0
70.6683,-139.6572,1740.0,3.31,297.08,96.0,-1.319,89.07,0.0,32.015,26.21,223.0,0.000226,25.743,-1.321,25.743,-1.82,7.016,,9.496,0.479,452.8,,0.116,600.0
70.6683,-139.6572,1740.0,3.31,297.08,97.0,-1.325,89.04,0.0,32.049,26.24,221.0,0.000341,25.771,-1.327,25.771,-1.83,7.06,,12.441,0.452,450.989,,0.116,600.0
70.6683,-139.6572,1740.0,3.31,297.08,98.0,-1.3230000000000002,88.99,0.0,32.103,26.29,216.0,0.000458,25.815,-1.325,25.815,-1.83,6.972,,12.445,0.425,450.71,,0.116,600.0
70.6683,-139.6572,1740.0,3.31,297.08,99.0,-1.337,88.55,0.0,32.167,26.34,212.0,0.000459,25.867,-1.339,25.867,-1.84,6.926,,12.449000000000002,0.4,450.411,,0.116,600.0
70.6683,-139.6572,1740.0,3.31,297.08,100.0,-1.344,88.81,0.0,32.221,26.39,207.0,0.000489,25.911,-1.346,25.911,-1.84,6.879,,12.425,0.375,448.62,,0.117,600.0
70.6683,-139.6572,1740.0,3.31,297.08,101.0,-1.35,88.76,0.0,32.293,26.46,202.0,0.000679,25.97,-1.352,25.97,-1.84,6.815,,11.743,0.35200000000000004,448.62,,0.116,600.0
70.6683,-139.6572,1740.0,3.31,297.08,102.0,-1.359,88.65,0.0,32.396,26.55,194.0,0.000722,26.053,-1.361,26.054,-1.85,6.754,,11.743,0.33,447.80300000000005,,0.116,600.0
70.6683,-139.6572,1740.0,3.31,297.08,103.0,-1.365,88.53,0.0,32.479,26.62,187.0,0.000582,26.121,-1.367,26.121,-1.86,6.7189999999999985,,11.744000000000002,0.309,446.54,,0.117,600.0
70.6683,-139.6572,1740.0,3.31,297.08,104.0,-1.369,88.34,0.0,32.546,26.68,182.0,0.000485,26.175,-1.371,26.176,-1.86,6.675,,11.744000000000002,0.28800000000000003,446.409,,0.117,600.0
70.6683,-139.6572,1740.0,3.31,297.08,105.0,-1.372,88.39,0.0,32.604,26.73,178.0,0.0004730000000000001,26.223000000000006,-1.374,26.223000000000006,-1.86,6.647,,11.746,0.269,444.515,,0.117,600.0
70.6683,-139.6572,1740.0,3.31,297.08,106.0,-1.374,88.26,0.0,32.668,26.79,173.0,0.000496,26.275,-1.376,26.275,-1.87,6.603,,11.748,0.251,444.45,,0.117,600.0
70.6683,-139.6572,1740.0,3.31,297.08,107.0,-1.376,88.14,0.0,32.732,26.84,168.0,0.000465,26.327,-1.378,26.327,-1.87,6.562,,11.754,0.235,443.338,,0.118,600.0
70.6683,-139.6572,1740.0,3.31,297.08,108.0,-1.3769999999999998,88.03,0.0,32.788000000000004,26.89,164.0,0.000549,26.372,-1.379,26.372,-1.88,6.533,,13.898,0.219,442.36,,0.117,600.0
70.6683,-139.6572,1740.0,3.31,297.08,109.0,-1.3769999999999998,87.99,0.0,32.874,26.97,157.0,0.000557,26.442,-1.379,26.442,-1.88,6.499,,16.327,0.204,442.259,,0.118,600.0
70.6683,-139.6572,1740.0,3.31,297.08,110.0,-1.375,87.91,0.0,32.931999999999995,27.02,152.0,0.000413,26.489,-1.3769999999999998,26.489,-1.89,6.489,,16.332,0.191,440.314,,0.119,600.0
70.6683,-139.6572,1740.0,3.31,297.08,111.0,-1.372,87.9,0.0,32.981,27.06,149.0,0.000339,26.529,-1.374,26.529,-1.89,6.456,,16.332,0.17800000000000002,440.28,,0.119,600.0
70.6683,-139.6572,1740.0,3.31,297.08,112.0,-1.369,87.91,0.0,33.02,27.1,146.0,0.000267,26.56,-1.371,26.56,-1.89,6.434,,16.176,0.16699999999999998,439.606,,0.12,600.0
70.6683,-139.6572,1740.0,3.31,297.08,113.0,-1.371,87.94,0.0,33.05,27.13,143.0,0.000256,26.585,-1.3730000000000002,26.585,-1.9,6.421,,16.117,0.156,438.19,,0.119,600.0
70.6683,-139.6572,1740.0,3.31,297.08,114.0,-1.375,87.93,0.0,33.086,27.16,141.0,0.000304,26.614,-1.3769999999999998,26.614,-1.9,6.438,,16.117,0.147,438.19,,0.119,600.0
70.6683,-139.6572,1740.0,3.31,297.08,115.0,-1.3630000000000002,88.0,0.0,33.129,27.2,137.0,0.000333,26.648000000000003,-1.365,26.648000000000003,-1.9,6.431,,16.122,0.138,437.55,,0.119,600.0
70.6683,-139.6572,1740.0,3.31,297.08,116.0,-1.354,88.04,0.0,33.173,27.24,134.0,0.000372,26.684,-1.357,26.684,-1.91,6.416,,17.445,0.13,436.1,,0.119,600.0
70.6683,-139.6572,1740.0,3.31,297.08,117.0,-1.345,88.08,0.0,33.226,27.29,130.0,0.000434,26.727,-1.348,26.727,-1.91,6.393,,17.449,0.122,436.1,,0.12,600.0
70.6683,-139.6572,1740.0,3.31,297.08,118.0,-1.334,88.05,0.0,33.286,27.34,125.0,0.000452,26.775,-1.337,26.775,-1.91,6.371,,17.453,0.115,436.1,,0.12,600.0
70.6683,-139.6572,1740.0,3.31,297.08,119.0,-1.3219999999999998,88.14,0.0,33.344,27.39,121.0,0.000394,26.822,-1.325,26.822,-1.92,6.363,,17.53,0.109,434.796,,0.121,600.0
70.6683,-139.6572,1740.0,3.31,297.08,120.0,-1.311,88.19,0.0,33.389,27.44,118.0,0.000321,26.858,-1.314,26.858,-1.92,6.36,,17.811,0.103,434.02,,0.121,600.0
70.6683,-139.6572,1740.0,3.31,297.08,121.0,-1.3,88.23,0.0,33.428000000000004,27.47,115.0,0.000267,26.889,-1.3030000000000002,26.889,-1.92,6.357,,17.805999999999994,0.097,434.02,,0.12,600.0
70.6683,-139.6572,1740.0,3.31,297.08,122.0,-1.29,88.27,0.0,33.459,27.5,112.0,0.000221,26.914,-1.293,26.914,-1.93,6.345,,17.807000000000006,0.092,433.66,,0.12,600.0
70.6683,-139.6572,1740.0,3.31,297.08,123.0,-1.283,88.3,0.0,33.486,27.53,110.0,0.000229,26.936,-1.286,26.936,-1.93,6.347,,17.64,0.087,431.93,,0.121,600.0
70.6683,-139.6572,1740.0,3.31,297.08,124.0,-1.273,88.32,0.0,33.519,27.56,108.0,0.00027,26.962,-1.276,26.962,-1.93,6.339,,17.053,0.083,431.93,,0.12,600.0
70.6683,-139.6572,1740.0,3.31,297.08,125.0,-1.259,88.33,0.0,33.556999999999995,27.59,105.0,0.000263,26.993,-1.262,26.993,-1.93,6.33,,17.053,0.078,431.93,,0.121,600.0
70.6683,-139.6572,1740.0,3.31,297.08,126.0,-1.253,88.35,0.0,33.588,27.62,102.0,0.0002,27.018,-1.256,27.018,-1.94,6.3279999999999985,,17.053,0.075,430.453,,0.119,600.0
70.6683,-139.6572,1740.0,3.31,297.08,127.0,-1.254,88.37,0.0,33.609,27.65,101.0,0.000135,27.035,-1.257,27.035,-1.94,6.323,,17.012,0.071,429.84,,0.118,600.0
70.6683,-139.6572,1740.0,3.31,297.08,128.0,-1.254,88.4,0.0,33.623000000000005,27.66,100.0,0.000107,27.046,-1.257,27.046,-1.94,6.331,,16.88,0.067,429.625,,0.12,600.0
70.6683,-139.6572,1740.0,3.31,297.08,129.0,-1.247,88.42,0.0,33.637,27.68,99.0,0.000129,27.057,-1.25,27.057,-1.94,6.331,,16.88,0.064,427.903,,0.118,600.0
70.6683,-139.6572,1740.0,3.31,297.08,130.0,-1.238,88.4,0.0,33.657,27.7,97.0,0.000128,27.073,-1.241,27.073,-1.94,6.331,,16.88,0.061,427.76,,0.118,600.0
70.6683,-139.6572,1740.0,3.31,297.08,131.0,-1.23,88.44,0.0,33.671,27.71,96.0,9.83e-05,27.084,-1.233,27.084,-1.94,6.331,,16.855999999999998,0.058,427.76,,0.118,600.0
70.6683,-139.6572,1740.0,3.31,297.08,132.0,-1.226,88.41,0.0,33.683,27.73,95.0,8.73e-05,27.094,-1.229,27.094,-1.95,6.312,,16.776,0.055,426.643,,0.119,600.0
70.6683,-139.6572,1740.0,3.31,297.08,133.0,-1.221,88.42,0.0,33.694,27.74,94.0,8.37e-05,27.102,-1.224,27.103,-1.95,6.318,,16.776,0.053,425.67,,0.119,600.0
70.6683,-139.6572,1740.0,3.31,297.08,134.0,-1.219,88.42,0.0,33.705,27.76,94.0,8.740000000000001e-05,27.111,-1.222,27.111,-1.95,6.315,,16.776,0.05,425.67,,0.119,600.0
70.6683,-139.6572,1740.0,3.31,297.08,135.0,-1.213,88.41,0.0,33.717,27.77,93.0,8.3e-05,27.121,-1.216,27.121,-1.95,6.32,,16.86,0.048,425.634,,0.119,600.0
70.6683,-139.6572,1740.0,3.31,297.08,136.0,-1.208,88.4,0.0,33.727,27.78,92.0,7.159999999999999e-05,27.129,-1.211,27.129,-1.95,6.322,,17.192999999999998,0.046,424.048,,0.118,600.0
70.6683,-139.6572,1740.0,3.31,297.08,137.0,-1.203,88.37,0.0,33.736,27.79,91.0,7.56e-05,27.136,-1.206,27.136,-1.95,6.336,,17.192999999999998,0.044,423.58,,0.118,600.0
70.6683,-139.6572,1740.0,3.31,297.08,138.0,-1.199,88.37,0.0,33.747,27.81,90.0,7.840000000000001e-05,27.145,-1.202,27.145,-1.95,6.332999999999998,,17.192,0.042,423.544,,0.118,600.0
70.6683,-139.6572,1740.0,3.31,297.08,139.0,-1.188,88.36,0.0,33.757,27.82,90.0,8.240000000000001e-05,27.152,-1.1909999999999998,27.153,-1.96,6.325,,17.09,0.04,421.966,,0.118,600.0
70.6683,-139.6572,1740.0,3.31,297.08,140.0,-1.185,88.37,0.0,33.769,27.83,89.0,8.3e-05,27.162,-1.188,27.162,-1.96,6.318,,16.624000000000002,0.039,421.5,,0.12,600.0
70.6683,-139.6572,1740.0,3.31,297.08,141.0,-1.177,88.36,0.0,33.779,27.85,88.0,7.06e-05,27.17,-1.18,27.17,-1.96,6.3210000000000015,,16.623,0.037000000000000005,421.5,,0.12,600.0
70.6683,-139.6572,1740.0,3.31,297.08,142.0,-1.17,88.35,0.0,33.788000000000004,27.86,87.0,6.35e-05,27.177,-1.1740000000000002,27.177,-1.96,6.3370000000000015,,16.62,0.036000000000000004,420.327,,0.121,600.0
70.6683,-139.6572,1740.0,3.31,297.08,143.0,-1.165,88.05,0.0,33.796,27.87,87.0,6.73e-05,27.183000000000003,-1.169,27.183000000000003,-1.96,6.336,,16.512,0.034,419.41,,0.12,600.0
70.6683,-139.6572,1740.0,3.31,297.08,144.0,-1.158,88.3,0.0,33.806,27.88,86.0,7.099999999999999e-05,27.191,-1.162,27.191,-1.96,6.324,,15.814,0.033,419.41,,0.121,600.0
70.6683,-139.6572,1740.0,3.31,297.08,145.0,-1.152,88.3,0.0,33.815,27.89,85.0,5.99e-05,27.198,-1.156,27.198,-1.96,6.3210000000000015,,15.815,0.032,419.302,,0.121,600.0
70.6683,-139.6572,1740.0,3.31,297.08,146.0,-1.148,88.29,0.0,33.822,27.9,85.0,4.91e-05,27.204,-1.152,27.204,-1.96,6.335,,15.814,0.031,417.509,,0.121,600.0
70.6683,-139.6572,1740.0,3.31,297.08,147.0,-1.146,88.3,0.0,33.828,27.91,84.0,6.78e-05,27.209,-1.15,27.209,-1.97,6.33,,15.816,0.03,417.33,,0.121,600.0
70.6683,-139.6572,1740.0,3.31,297.08,148.0,-1.139,88.3,0.0,33.84,27.93,83.0,7.72e-05,27.218000000000004,-1.143,27.218000000000004,-1.97,6.319,,15.811,0.029,417.33,,0.12,600.0
70.6683,-139.6572,1740.0,3.31,297.08,149.0,-1.146,88.29,0.0,33.848,27.94,83.0,5.260000000000001e-05,27.225,-1.15,27.225,-1.97,6.313,,15.812,0.028,417.294,,0.121,600.0
70.6683,-139.6572,1740.0,3.31,297.08,150.0,-1.152,88.3,0.0,33.853,27.95,82.0,5.5500000000000014e-05,27.229,-1.156,27.229,-1.97,6.335,,15.814,0.027000000000000003,415.42,,0.121,600.0
70.6683,-139.6572,1740.0,3.31,297.08,151.0,-1.133,88.32,0.0,33.863,27.96,82.0,7.03e-05,27.237,-1.137,27.237,-1.97,6.34,,15.815,0.026,415.24,,0.121,600.0
70.6683,-139.6572,1740.0,3.31,297.08,152.0,-1.115,88.32,0.0,33.873000000000005,27.97,81.0,8.290000000000001e-05,27.244,-1.119,27.244,-1.97,6.341,,15.793,0.025,415.24,,0.12,600.0
70.6683,-139.6572,1740.0,3.31,297.08,153.0,-1.102,88.37,0.0,33.886,27.99,80.0,0.000108,27.254,-1.106,27.254,-1.97,6.33,,15.791,0.024,414.25,,0.121,600.0
70.6683,-139.6572,1740.0,3.31,297.08,154.0,-1.094,88.34,0.0,33.902,28.01,79.0,9.44e-05,27.267,-1.098,27.267,-1.98,6.323,,15.785,0.024,413.15,,0.12,600.0
70.6683,-139.6572,1740.0,3.31,297.08,155.0,-1.091,88.32,0.0,33.911,28.02,78.0,5.479999999999999e-05,27.274,-1.095,27.274,-1.98,6.334,,15.728,0.023,413.15,,0.121,600.0
70.6683,-139.6572,1740.0,3.31,297.08,156.0,-1.098,88.29,0.0,33.916,28.03,78.0,7.49e-05,27.278,-1.102,27.278,-1.98,6.348,,15.075,0.023,412.968,,0.121,600.0
70.6683,-139.6572,1740.0,3.31,297.08,157.0,-1.079,88.27,0.0,33.931,28.04,77.0,9.44e-05,27.29,-1.083,27.29,-1.98,6.346,,15.075,0.022,411.572,,0.12,600.0
70.6683,-139.6572,1740.0,3.31,297.08,158.0,-1.067,88.31,0.0,33.942,28.06,76.0,7.45e-05,27.298,-1.071,27.298,-1.98,6.337999999999999,,15.075,0.021,411.07,,0.12,600.0
70.6683,-139.6572,1740.0,3.31,297.08,159.0,-1.065,88.27,0.0,33.951,28.07,75.0,6.69e-05,27.306,-1.069,27.306,-1.98,6.339,,15.065,0.021,411.07,,0.12,600.0
70.6683,-139.6572,1740.0,3.31,297.08,160.0,-1.074,88.34,0.0,33.959,28.08,74.0,7.209999999999999e-05,27.312,-1.078,27.312,-1.98,6.356,,14.659,0.02,411.033,,0.121,600.0
70.6683,-139.6572,1740.0,3.31,297.08,161.0,-1.0590000000000002,88.35,0.0,33.97,28.09,74.0,8.4e-05,27.321,-1.063,27.321,-1.98,6.329,,14.66,0.02,409.49300000000005,,0.12,600.0
70.6683,-139.6572,1740.0,3.31,297.08,162.0,-1.03,88.36,0.0,33.983000000000004,28.11,73.0,7e-05,27.33,-1.034,27.33,-1.99,6.36,,14.66,0.02,408.98,,0.12,600.0
70.6683,-139.6572,1740.0,3.31,297.08,163.0,-1.042,88.39,0.0,33.989000000000004,28.12,72.0,7.46e-05,27.336,-1.046,27.336,-1.99,6.364,,14.66,0.019,408.98,,0.119,600.0
70.6683,-139.6572,1740.0,3.31,297.08,164.0,-0.998,88.42,0.0,34.004,28.13,71.0,8.14e-05,27.346,-1.002,27.346,-1.99,6.35,,15.494000000000002,0.019,408.719,,0.117,600.0
70.6683,-139.6572,1740.0,3.31,297.08,165.0,-0.986,88.43,0.0,34.013000000000005,28.14,71.0,7.7e-05,27.353,-0.99,27.353,-1.99,6.354,,15.56,0.019,407.077,,0.116,600.0
70.6683,-139.6572,1740.0,3.31,297.08,166.0,-0.978,88.43,0.0,34.025,28.16,70.0,7.75e-05,27.362,-0.983,27.362,-1.99,6.36,,15.56,0.018000000000000002,406.89,,0.115,600.0
70.6683,-139.6572,1740.0,3.31,297.08,167.0,-0.969,88.45,0.0,34.034,28.17,69.0,6.840000000000001e-05,27.369,-0.974,27.369,-1.99,6.34,,15.561,0.018000000000000002,406.89,,0.115,600.0
70.6683,-139.6572,1740.0,3.31,297.08,168.0,-0.954,88.4,0.0,34.044000000000004,28.18,68.0,6.35e-05,27.377,-0.959,27.377,-1.99,6.343,,15.669,0.018000000000000002,406.89,,0.116,600.0
70.6683,-139.6572,1740.0,3.31,297.08,169.0,-0.94,88.42,0.0,34.052,28.19,68.0,6.34e-05,27.383000000000006,-0.945,27.383000000000006,-2.0,6.355,,15.7,0.017,406.89,,0.116,600.0
70.6683,-139.6572,1740.0,3.31,297.08,170.0,-0.925,88.4,0.0,34.062,28.2,67.0,6.99e-05,27.39,-0.93,27.39,-2.0,6.356,,15.7,0.017,406.036,,0.116,600.0
70.6683,-139.6572,1740.0,3.31,297.08,171.0,-0.905,88.4,0.0,34.072,28.22,66.0,5.85e-05,27.398000000000003,-0.91,27.398000000000003,-2.0,6.362,,15.7,0.017,404.81,,0.115,600.0
70.6683,-139.6572,1740.0,3.31,297.08,172.0,-0.8909999999999999,88.39,0.0,34.079,28.23,66.0,5.34e-05,27.403,-0.8959999999999999,27.403,-2.0,6.35,,15.255999999999998,0.017,404.81,,0.117,600.0
70.6683,-139.6572,1740.0,3.31,297.08,173.0,-0.884,88.37,0.0,34.087,28.24,65.0,5.6100000000000015e-05,27.409,-0.889,27.409,-2.0,6.359,,15.007,0.016,404.81,,0.118,600.0
70.6683,-139.6572,1740.0,3.31,297.08,174.0,-0.883,88.34,0.0,34.094,28.25,65.0,4.88e-05,27.415,-0.888,27.415,-2.0,6.369,,15.005999999999998,0.016,404.698,,0.117,600.0
70.6683,-139.6572,1740.0,3.31,297.08,175.0,-0.878,88.29,0.0,34.1,28.26,64.0,3.24e-05,27.419,-0.883,27.419,-2.0,6.357,,15.005999999999998,0.016,403.38,,0.115,600.0
70.6683,-139.6572,1740.0,3.31,297.08,176.0,-0.872,88.26,0.0,34.103,28.26,64.0,2.72e-05,27.421,-0.877,27.422,-2.0,6.345,,14.792,0.016,402.72,,0.114,600.0
70.6683,-139.6572,1740.0,3.31,297.08,177.0,-0.861,88.25,0.0,34.108000000000004,28.27,64.0,4.9700000000000015e-05,27.425,-0.866,27.425,-2.0,6.354,,14.588,0.016,402.72,,0.114,600.0
70.6683,-139.6572,1740.0,3.31,297.08,178.0,-0.852,88.24,0.0,34.117,28.28,63.0,5.8e-05,27.432,-0.857,27.432,-2.01,6.374,,14.586,0.016,402.72,,0.114,600.0
70.6683,-139.6572,1740.0,3.31,297.08,179.0,-0.8440000000000001,88.25,0.0,34.124,28.29,63.0,5.350000000000001e-05,27.437,-0.8490000000000001,27.438,-2.01,6.3679999999999986,,14.587,0.015,402.682,,0.114,600.0
70.6683,-139.6572,1740.0,3.31,297.08,180.0,-0.8320000000000001,88.24,0.0,34.132,28.3,62.0,3.87e-05,27.443,-0.8370000000000001,27.444000000000006,-2.01,6.365,,14.782,0.015,401.791,,0.114,600.0
70.6683,-139.6572,1740.0,3.31,297.08,181.0,-0.8270000000000001,88.25,0.0,34.135,28.31,62.0,1.39e-05,27.446,-0.8320000000000001,27.446,-2.01,6.376,,15.257,0.015,400.63,,0.113,600.0
70.6683,-139.6572,1740.0,3.31,297.08,182.0,-0.825,88.27,0.0,34.136,28.32,62.0,1.41e-05,27.446,-0.83,27.447,-2.01,6.375,,15.258,0.015,400.63,,0.113,600.0
70.6683,-139.6572,1740.0,3.31,297.08,183.0,-0.821,88.1,0.0,34.139,28.32,62.0,5.37e-05,27.449,-0.826,27.449,-2.01,6.379,,15.255,0.015,400.63,,0.113,600.0
70.6683,-139.6572,1740.0,3.31,297.08,184.0,-0.8059999999999999,88.27,0.0,34.151,28.34,61.0,0.000103,27.458,-0.8109999999999999,27.458,-2.01,6.392,,15.172,0.015,400.63,,0.114,600.0
70.6683,-139.6572,1740.0,3.31,297.08,185.0,-0.779,88.28,0.0,34.168,28.36,60.0,0.000116,27.47,-0.784,27.471,-2.01,6.394,,14.175,0.015,400.63,,0.113,600.0
70.6683,-139.6572,1740.0,3.31,297.08,186.0,-0.757,88.27,0.0,34.184,28.37,58.0,9.56e-05,27.482,-0.762,27.483,-2.02,6.395,,14.177,0.015,400.206,,0.114,600.0
70.6683,-139.6572,1740.0,3.31,297.08,187.0,-0.741,88.31,0.0,34.195,28.39,58.0,4.56e-05,27.491,-0.747,27.491,-2.02,6.3889999999999985,,14.174,0.015,398.847,,0.112,600.0
70.6683,-139.6572,1740.0,3.31,297.08,188.0,-0.737,88.3,0.0,34.197,28.39,58.0,5.33e-05,27.492,-0.743,27.492,-2.02,6.39,,14.174,0.014,398.55,,0.112,600.0
70.6683,-139.6572,1740.0,3.31,297.08,189.0,-0.721,88.33,0.0,34.21,28.41,57.0,7.25e-05,27.502,-0.727,27.502,-2.02,6.415,,13.466,0.014,398.55,,0.112,600.0
70.6683,-139.6572,1740.0,3.31,297.08,190.0,-0.7170000000000001,88.34,0.0,34.217,28.42,56.0,8.47e-05,27.508000000000006,-0.723,27.508000000000006,-2.02,6.419,,13.34,0.014,398.55,,0.111,600.0
70.6683,-139.6572,1740.0,3.31,297.08,191.0,-0.7040000000000001,88.35,0.0,34.233000000000004,28.43,55.0,9.9e-05,27.52,-0.71,27.52,-2.02,6.437,,13.34,0.014,398.55,,0.11,600.0
70.6683,-139.6572,1740.0,3.31,297.08,192.0,-0.7120000000000001,88.36,0.0,34.243,28.45,54.0,7.68e-05,27.528,-0.718,27.529,-2.02,6.473,,13.34,0.014,398.55,,0.111,600.0
70.6683,-139.6572,1740.0,3.31,297.08,193.0,-0.703,88.41,0.0,34.253,28.46,53.0,7.99e-05,27.536,-0.7090000000000001,27.536,-2.02,6.482,,13.34,0.014,398.512,,0.111,600.0
70.6683,-139.6572,1740.0,3.31,297.08,194.0,-0.674,88.48,0.0,34.266,28.47,53.0,6.330000000000001e-05,27.545,-0.68,27.546,-2.03,6.475,,13.34,0.014,397.904,,0.111,600.0
70.6683,-139.6572,1740.0,3.31,297.08,195.0,-0.66,88.54,0.0,34.272,28.48,52.0,3.77e-05,27.55,-0.6659999999999999,27.55,-2.03,6.475,,13.34,0.014,396.684,,0.111,600.0
70.6683,-139.6572,1740.0,3.31,297.08,196.0,-0.654,88.69,0.0,34.277,28.49,52.0,4.4e-05,27.553,-0.66,27.554,-2.03,6.49,,13.34,0.014,396.46,,0.111,600.0
70.6683,-139.6572,1740.0,3.31,297.08,197.0,-0.634,88.74,0.0,34.285,28.5,51.0,6.94e-05,27.559,-0.64,27.559,-2.03,6.496,,13.684,0.014,396.46,,0.11,600.0
70.6683,-139.6572,1740.0,3.31,297.08,198.0,-0.605,88.81,0.0,34.298,28.51,50.0,8.78e-05,27.568,-0.611,27.569000000000006,-2.03,6.495,,14.018,0.014,396.46,,0.11,600.0
70.6683,-139.6572,1740.0,3.31,297.08,199.0,-0.5820000000000001,88.86,0.0,34.311,28.53,49.0,7.47e-05,27.578000000000007,-0.588,27.578000000000007,-2.03,6.49,,14.021,0.014,396.46,,0.109,600.0
70.6683,-139.6572,1740.0,3.31,297.08,200.0,-0.563,88.91,0.0,34.32,28.54,49.0,5.68e-05,27.584,-0.569,27.585,-2.03,6.481,,14.019,0.014,396.385,,0.109,600.0
70.6683,-139.6572,1740.0,3.31,297.08,201.0,-0.546,88.93,0.0,34.328,28.55,48.0,5.39e-05,27.59,-0.552,27.59,-2.04,6.489,,13.85,0.014,394.855,,0.109,600.0
70.6683,-139.6572,1740.0,3.31,297.08,202.0,-0.531,88.99,0.0,34.336,28.56,48.0,5.7399999999999986e-05,27.596,-0.537,27.596,-2.04,6.499,,13.518,0.014,394.37,,0.109,600.0
70.6683,-139.6572,1740.0,3.31,297.08,203.0,-0.513,89.02,0.0,34.345,28.57,47.0,4.870000000000001e-05,27.602,-0.52,27.603,-2.04,6.521,,13.522,0.014,394.37,,0.108,600.0
70.6683,-139.6572,1740.0,3.31,297.08,204.0,-0.494,89.04,0.0,34.351,28.58,47.0,2.08e-05,27.606,-0.501,27.607,-2.04,6.519,,13.518,0.014,394.37,,0.108,600.0
70.6683,-139.6572,1740.0,3.31,297.08,205.0,-0.488,89.04,0.0,34.352,28.59,47.0,1.75e-05,27.607,-0.495,27.607,-2.04,6.5139999999999985,,13.553,0.014,394.37,,0.107,600.0
70.6683,-139.6572,1740.0,3.31,297.08,206.0,-0.471,89.07,0.0,34.357,28.59,47.0,2.8000000000000006e-05,27.61,-0.478,27.61,-2.04,6.518,,13.754,0.014,394.37,,0.107,600.0
70.6683,-139.6572,1740.0,3.31,297.08,207.0,-0.461,89.08,0.0,34.361,28.6,46.0,3.44e-05,27.613000000000003,-0.468,27.613000000000003,-2.04,6.51,,13.755,0.014,394.332,,0.108,600.0
70.6683,-139.6572,1740.0,3.31,297.08,208.0,-0.439,89.1,0.0,34.368,28.61,46.0,4.52e-05,27.618,-0.446,27.618,-2.04,6.5070000000000014,,13.755,0.014,393.627,,0.107,600.0
70.6683,-139.6572,1740.0,3.31,297.08,209.0,-0.426,89.11,0.0,34.375,28.62,45.0,4.2e-05,27.623,-0.433,27.623,-2.04,6.5120000000000005,,13.754,0.014,392.364,,0.107,600.0
70.6683,-139.6572,1740.0,3.31,297.08,210.0,-0.407,89.12,0.0,34.381,28.63,45.0,4.64e-05,27.627,-0.414,27.627,-2.04,6.507999999999999,,13.52,0.013,392.29,,0.107,600.0
70.6683,-139.6572,1740.0,3.31,297.08,211.0,-0.381,89.14,0.0,34.39,28.64,44.0,4.5e-05,27.633000000000006,-0.388,27.633000000000006,-2.05,6.499,,13.515,0.013,392.29,,0.106,600.0
70.6683,-139.6572,1740.0,3.31,297.08,212.0,-0.3720000000000001,89.14,0.0,34.395,28.65,44.0,4.08e-05,27.636,-0.379,27.637,-2.05,6.507999999999999,,13.514,0.013,392.29,,0.106,600.0
70.6683,-139.6572,1740.0,3.31,297.08,213.0,-0.36,89.15,0.0,34.402,28.66,44.0,3.41e-05,27.641,-0.3670000000000001,27.642,-2.05,6.505,,13.514,0.013,392.29,,0.105,600.0
70.6683,-139.6572,1740.0,3.31,297.08,214.0,-0.355,89.13,0.0,34.405,28.66,43.0,3.66e-05,27.644,-0.362,27.644,-2.05,6.4529999999999985,,12.689,0.013,392.29,,0.106,600.0
70.6683,-139.6572,1740.0,3.31,297.08,215.0,-0.32299999999999995,89.15,0.0,34.414,28.67,43.0,4.66e-05,27.649,-0.33,27.65,-2.05,6.436,,12.462,0.013,392.29,,0.105,600.0
70.6683,-139.6572,1740.0,3.31,297.08,216.0,-0.297,89.14,0.0,34.421,28.68,42.0,3.99e-05,27.654,-0.304,27.654,-2.05,6.432,,12.466,0.013,391.917,,0.104,600.0
70.6683,-139.6572,1740.0,3.31,297.08,217.0,-0.284,89.14,0.0,34.427,28.69,42.0,3.27e-05,27.658,-0.29100000000000004,27.658,-2.05,6.432,,12.468,0.013,391.153,,0.104,600.0
70.6683,-139.6572,1740.0,3.31,297.08,218.0,-0.275,89.13,0.0,34.431,28.7,42.0,3.2899999999999987e-05,27.661,-0.282,27.661,-2.05,6.449,,13.1,0.013,390.387,,0.103,600.0
70.6683,-139.6572,1740.0,3.31,297.08,219.0,-0.263,89.09,0.0,34.437,28.71,41.0,3.37e-05,27.665,-0.271,27.665,-2.05,6.445,,13.409,0.013,390.237,,0.104,600.0
70.6683,-139.6572,1740.0,3.31,297.08,220.0,-0.257,89.08,0.0,34.441,28.72,41.0,3.04e-05,27.668000000000006,-0.265,27.668000000000006,-2.06,6.438,,13.409,0.013,390.2,,0.103,600.0
70.6683,-139.6572,1740.0,3.31,297.08,221.0,-0.247,89.08,0.0,34.446,28.72,41.0,2.63e-05,27.672,-0.255,27.672,-2.06,6.45,,13.409,0.013,390.2,,0.104,600.0
70.6683,-139.6572,1740.0,3.31,297.08,222.0,-0.24,89.03,0.0,34.449,28.73,41.0,2.54e-05,27.674,-0.248,27.674,-2.06,6.441,,13.954,0.013,390.2,,0.103,600.0
70.6683,-139.6572,1740.0,3.31,297.08,223.0,-0.227,89.02,0.0,34.454,28.74,40.0,3.1e-05,27.677,-0.235,27.677,-2.06,6.45,,14.380999999999998,0.013,390.2,,0.103,600.0
70.6683,-139.6572,1740.0,3.31,297.08,224.0,-0.212,89.01,0.0,34.459,28.75,40.0,1.83e-05,27.68,-0.22,27.681,-2.06,6.431,,14.380999999999998,0.013,390.2,,0.102,600.0
70.6683,-139.6572,1740.0,3.31,297.08,225.0,-0.209,89.0,0.0,34.46,28.75,40.0,1.65e-05,27.681,-0.217,27.681,-2.06,6.415,,14.380999999999998,0.013,390.2,,0.102,600.0
70.6683,-139.6572,1740.0,3.31,297.08,226.0,-0.202,88.99,0.0,34.464,28.76,40.0,2.98e-05,27.684,-0.21,27.684,-2.06,6.419,,14.365,0.013,390.2,,0.103,600.0
70.6683,-139.6572,1740.0,3.31,297.08,227.0,-0.191,88.98,0.0,34.469,28.77,39.0,3.47e-05,27.687,-0.199,27.688,-2.06,6.407,,14.347,0.013,390.2,,0.102,600.0
70.6683,-139.6572,1740.0,3.31,297.08,228.0,-0.174,88.98,0.0,34.475,28.78,39.0,4.38e-05,27.691,-0.182,27.692,-2.06,6.4,,14.347,0.013,390.2,,0.102,600.0
70.6683,-139.6572,1740.0,3.31,297.08,229.0,-0.154,88.97,0.0,34.483000000000004,28.79,38.0,5.14e-05,27.697,-0.162,27.697,-2.07,6.395,,14.347,0.013,390.092,,0.101,600.0
70.6683,-139.6572,1740.0,3.31,297.08,230.0,-0.13699999999999998,88.97,0.0,34.491,28.8,38.0,5.3e-05,27.702,-0.145,27.703000000000007,-2.07,6.402,,14.186,0.013,389.467,,0.101,600.0
70.6683,-139.6572,1740.0,3.31,297.08,231.0,-0.123,88.95,0.0,34.499,28.81,37.0,4.66e-05,27.708,-0.131,27.709,-2.07,6.405,,13.962,0.013,388.77,,0.101,600.0
70.6683,-139.6572,1740.0,3.31,297.08,232.0,-0.111,88.93,0.0,34.505,28.82,37.0,3.59e-05,27.712,-0.119,27.713,-2.07,6.398,,13.958,0.013,388.259,,0.101,600.0
70.6683,-139.6572,1740.0,3.31,297.08,233.0,-0.1,88.92,0.0,34.51,28.82,37.0,2.55e-05,27.716,-0.108,27.716,-2.07,6.3870000000000005,,13.96,0.013,388.11,,0.101,600.0
70.6683,-139.6572,1740.0,3.31,297.08,234.0,-0.092,88.9,0.0,34.513000000000005,28.83,37.0,1.86e-05,27.718000000000004,-0.1,27.718000000000004,-2.07,6.386,,14.174,0.013,388.11,,0.101,600.0
70.6683,-139.6572,1740.0,3.31,297.08,235.0,-0.084,88.84,0.0,34.516,28.84,36.0,2.52e-05,27.72,-0.093,27.72,-2.07,6.3889999999999985,,14.625,0.013,388.11,,0.1,600.0
70.6683,-139.6572,1740.0,3.31,297.08,236.0,-0.07200000000000001,88.87,0.0,34.521,28.85,36.0,3.2e-05,27.723000000000006,-0.081,27.724,-2.07,6.407,,14.624,0.013,388.11,,0.1,600.0
70.6683,-139.6572,1740.0,3.31,297.08,237.0,-0.061,88.86,0.0,34.526,28.85,36.0,3.55e-05,27.727,-0.07,27.727,-2.07,6.401,,14.623,0.013,388.11,,0.1,600.0
70.6683,-139.6572,1740.0,3.31,297.08,238.0,-0.048,88.85,0.0,34.532,28.86,35.0,4.56e-05,27.731,-0.057,27.731,-2.07,6.384,,14.623,0.013,388.11,,0.1,600.0
70.6683,-139.6572,1740.0,3.31,297.08,239.0,-0.032,88.84,0.0,34.54,28.87,35.0,3.76e-05,27.737,-0.041,27.737,-2.08,6.369,,14.624,0.013,388.11,,0.1,600.0
70.6683,-139.6572,1740.0,3.31,297.08,240.0,-0.018000000000000002,88.85,0.0,34.544000000000004,28.88,35.0,2.09e-05,27.739,-0.027000000000000003,27.74,-2.08,6.377000000000002,,14.624,0.013,388.11,,0.099,600.0
70.6683,-139.6572,1740.0,3.31,297.08,241.0,-0.011,88.86,0.0,34.547,28.89,34.0,2.7e-05,27.741,-0.02,27.742,-2.08,6.415,,14.623,0.013,388.11,,0.1,600.0
70.6683,-139.6572,1740.0,3.31,297.08,242.0,-0.005,88.85,0.0,34.552,28.9,34.0,3.27e-05,27.745,-0.014,27.745,-2.08,6.412000000000001,,14.599,0.013,387.999,,0.099,600.0
70.6683,-139.6572,1740.0,3.31,297.08,243.0,0.009000000000000001,88.84,0.0,34.556999999999995,28.9,34.0,4.14e-05,27.748,0.0,27.749,-2.08,6.38,,14.405,0.013,387.5630000000001,,0.099,600.0
70.6683,-139.6572,1740.0,3.31,297.08,244.0,0.038,88.87,0.0,34.566,28.91,33.0,4.55e-05,27.754,0.029,27.754,-2.08,6.3660000000000005,,14.401,0.013,386.624,,0.099,600.0
70.6683,-139.6572,1740.0,3.31,297.08,245.0,0.051,88.88,0.0,34.572,28.92,33.0,3.53e-05,27.758000000000006,0.042,27.759,-2.08,6.384,,14.399,0.013,386.139,,0.098,600.0
70.6683,-139.6572,1740.0,3.31,297.08,246.0,0.062,88.87,0.0,34.577,28.93,33.0,2.82e-05,27.761,0.053,27.762,-2.08,6.396,,14.402,0.013,386.03,,0.098,600.0
70.6683,-139.6572,1740.0,3.31,297.08,247.0,0.073,88.87,0.0,34.581,28.94,32.0,2.52e-05,27.764,0.064,27.765,-2.08,6.379,,14.797,0.013,386.03,,0.097,600.0
70.6683,-139.6572,1740.0,3.31,297.08,248.0,0.081,88.86,0.0,34.585,28.95,32.0,2.58e-05,27.767,0.07200000000000001,27.767,-2.09,6.38,,14.799,0.013,386.03,,0.098,600.0
70.6683,-139.6572,1740.0,3.31,297.08,249.0,0.09,88.85,0.0,34.589,28.95,32.0,2.43e-05,27.77,0.081,27.77,-2.09,6.363,,14.799,0.013,386.03,,0.098,600.0
70.6683,-139.6572,1740.0,3.31,297.08,250.0,0.103,88.73,0.0,34.593,28.96,32.0,2.37e-05,27.772,0.093,27.773000000000003,-2.09,6.365,,14.798,0.013,386.03,,0.098,600.0
70.6683,-139.6572,1740.0,3.31,297.08,251.0,0.114,88.85,0.0,34.597,28.97,31.0,2.39e-05,27.775,0.104,27.775,-2.09,6.347,,13.421,0.013,386.03,,0.098,600.0
70.6683,-139.6572,1740.0,3.31,297.08,252.0,0.126,88.87,0.0,34.601,28.97,31.0,2.78e-05,27.777,0.116,27.778,-2.09,6.351,,13.272,0.013,386.03,,0.097,600.0
70.6683,-139.6572,1740.0,3.31,297.08,253.0,0.13699999999999998,88.8,0.0,34.606,28.98,31.0,2.8000000000000006e-05,27.781,0.127,27.781,-2.09,6.358,,13.272,0.013,386.03,,0.097,600.0
70.6683,-139.6572,1740.0,3.31,297.08,254.0,0.14800000000000002,88.83,0.0,34.61,28.99,31.0,2.18e-05,27.783,0.138,27.784,-2.09,6.391,,13.272,0.013,386.03,,0.097,600.0
70.6683,-139.6572,1740.0,3.31,297.08,255.0,0.154,88.85,0.0,34.613,29.0,30.0,1.56e-05,27.786,0.14400000000000002,27.786,-2.09,6.372999999999998,,13.886,0.013,386.03,,0.096,600.0
70.6683,-139.6572,1740.0,3.31,297.08,256.0,0.16,88.84,0.0,34.615,29.0,30.0,1.21e-05,27.787,0.15,27.787,-2.09,6.3439999999999985,,14.035,0.013,386.03,,0.097,600.0
70.6683,-139.6572,1740.0,3.31,297.08,257.0,0.165,88.81,0.0,34.617,29.01,30.0,1.83e-05,27.788,0.155,27.789,-2.09,6.352,,14.036,0.013,386.03,,0.096,600.0
70.6683,-139.6572,1740.0,3.31,297.08,258.0,0.17600000000000002,88.81,0.0,34.621,29.02,30.0,2.12e-05,27.791,0.166,27.791,-2.09,6.388,,14.039,0.013,386.03,,0.097,600.0
70.6683,-139.6572,1740.0,3.31,297.08,259.0,0.184,88.81,0.0,34.624,29.02,30.0,1.82e-05,27.793000000000006,0.174,27.793000000000006,-2.1,6.377999999999999,,14.425999999999998,0.013,386.03,,0.096,600.0
70.6683,-139.6572,1740.0,3.31,297.08,260.0,0.192,88.81,0.0,34.626999999999995,29.03,29.0,1.7899999999999998e-05,27.795,0.182,27.795,-2.1,6.379,,14.452,0.013,385.994,,0.096,600.0
70.6683,-139.6572,1740.0,3.31,297.08,261.0,0.201,88.81,0.0,34.63,29.04,29.0,2.17e-05,27.797,0.191,27.797,-2.1,6.397,,14.452,0.013,385.886,,0.096,600.0
70.6683,-139.6572,1740.0,3.31,297.08,262.0,0.209,88.81,0.0,34.634,29.04,29.0,1.85e-05,27.799,0.199,27.8,-2.1,6.388,,14.452,0.013,385.64,,0.096,600.0
70.6683,-139.6572,1740.0,3.31,297.08,263.0,0.21600000000000005,88.81,0.0,34.636,29.05,29.0,1.53e-05,27.801,0.206,27.801,-2.1,6.37,,14.018,0.013,384.625,,0.096,600.0
70.6683,-139.6572,1740.0,3.31,297.08,264.0,0.222,88.82,0.0,34.639,29.06,29.0,1.88e-05,27.803,0.212,27.803,-2.1,6.393,,14.0,0.013,384.259,,0.095,600.0
70.6683,-139.6572,1740.0,3.31,297.08,265.0,0.23,88.85,0.0,34.642,29.06,29.0,1.82e-05,27.805,0.22,27.805,-2.1,6.395,,14.002,0.013,384.192,,0.095,600.0
70.6683,-139.6572,1740.0,3.31,297.08,266.0,0.238,88.85,0.0,34.645,29.07,28.0,2.17e-05,27.807,0.227,27.807,-2.1,6.433,,14.0,0.013,383.94,,0.095,600.0
70.6683,-139.6572,1740.0,3.31,297.08,267.0,0.247,88.84,0.0,34.649,29.08,28.0,1.87e-05,27.809,0.236,27.81,-2.1,6.475,,13.094,0.013,383.94,,0.095,600.0
70.6683,-139.6572,1740.0,3.31,297.08,268.0,0.252,88.87,0.0,34.651,29.08,28.0,1.8100000000000006e-05,27.811,0.241,27.811,-2.1,6.5120000000000005,,13.063,0.013,383.94,,0.094,600.0
70.6683,-139.6572,1740.0,3.31,297.08,269.0,0.263,88.86,0.0,34.655,29.09,28.0,2.46e-05,27.813,0.252,27.814,-2.11,6.52,,13.062,0.013,383.94,,0.094,600.0
70.6683,-139.6572,1740.0,3.31,297.08,270.0,0.272,88.89,0.0,34.659,29.1,28.0,1.9e-05,27.816,0.261,27.817,-2.11,6.542000000000002,,13.062,0.013,383.94,,0.094,600.0
70.6683,-139.6572,1740.0,3.31,297.08,271.0,0.276,88.93,0.0,34.661,29.1,27.0,6.46e-06,27.817,0.265,27.818,-2.11,6.519,,15.365,0.013,383.94,,0.094,600.0
70.6683,-139.6572,1740.0,3.31,297.08,272.0,0.276,88.95,0.0,34.661,29.11,27.0,2.61e-08,27.817,0.265,27.818,-2.11,6.524,,15.386,0.013,383.94,,0.094,600.0
70.6683,-139.6572,1740.0,3.31,297.08,273.0,0.276,88.99,0.0,34.661,29.11,27.0,2.61e-08,27.817,0.265,27.818,-2.11,6.533,,15.386,0.013,383.94,,0.093,600.0
70.6683,-139.6572,1740.0,3.31,297.08,274.0,0.276,89.02,0.0,34.661,29.12,27.0,8.75e-06,27.817,0.265,27.818,-2.11,6.5070000000000014,,15.358,0.013,383.94,,0.094,600.0
70.6683,-139.6572,1740.0,3.31,297.08,275.0,0.285,89.04,0.0,34.664,29.12,27.0,1.8100000000000006e-05,27.819000000000006,0.274,27.82,-2.11,6.461,,13.511,0.013,383.94,,0.093,600.0
70.6683,-139.6572,1740.0,3.31,297.08,276.0,0.292,89.07,0.0,34.667,29.13,27.0,1.84e-05,27.821,0.281,27.822,-2.11,6.45,,13.514,0.013,383.94,,0.094,600.0
70.6683,-139.6572,1740.0,3.31,297.08,277.0,0.3,89.08,0.0,34.67,29.14,27.0,2.45e-05,27.823,0.289,27.824,-2.11,6.452000000000001,,13.514,0.013,383.94,,0.094,600.0
70.6683,-139.6572,1740.0,3.31,297.08,278.0,0.312,89.1,0.0,34.675,29.15,27.0,2.7e-05,27.827,0.301,27.827,-2.11,6.4460000000000015,,13.546,0.013,383.94,,0.093,600.0
70.6683,-139.6572,1740.0,3.31,297.08,279.0,0.324,89.08,0.0,34.679,29.15,26.0,1.74e-05,27.829,0.313,27.83,-2.11,6.444,,13.966,0.013,383.94,,0.094,600.0
70.6683,-139.6572,1740.0,3.31,297.08,280.0,0.33,89.09,0.0,34.681,29.16,26.0,1.7100000000000002e-05,27.831,0.319,27.831,-2.11,6.457000000000002,,13.966,0.013,383.94,,0.094,600.0
70.6683,-139.6572,1740.0,3.31,297.08,281.0,0.343,89.11,0.0,34.685,29.17,26.0,2.0600000000000006e-05,27.833,0.332,27.834,-2.12,6.466,,13.965,0.013,383.94,,0.093,600.0
70.6683,-139.6572,1740.0,3.31,297.08,282.0,0.35,89.12,0.0,34.688,29.17,26.0,9.01e-06,27.835,0.339,27.836,-2.12,6.462999999999999,,13.966,0.013,383.94,,0.093,600.0
70.6683,-139.6572,1740.0,3.31,297.08,283.0,0.35100000000000003,89.13,0.0,34.688,29.18,26.0,7.43e-06,27.835,0.339,27.836,-2.12,6.452000000000001,,13.966,0.013,383.94,,0.093,600.0
70.6683,-139.6572,1740.0,3.31,297.08,284.0,0.363,89.11,0.0,34.691,29.18,26.0,1.99e-05,27.837,0.35100000000000003,27.837,-2.12,6.4270000000000005,,13.966,0.013,383.94,,0.093,600.0
70.6683,-139.6572,1740.0,3.31,297.08,285.0,0.373,89.14,0.0,34.695,29.19,25.0,2.47e-05,27.839,0.361,27.84,-2.12,6.416,,13.966,0.013,383.94,,0.093,600.0
70.6683,-139.6572,1740.0,3.31,297.08,286.0,0.382,89.14,0.0,34.699,29.2,25.0,1.83e-05,27.842,0.37,27.843000000000004,-2.12,6.408,,14.11,0.013,383.94,,0.092,600.0
70.6683,-139.6572,1740.0,3.31,297.08,287.0,0.388,89.13,0.0,34.701,29.2,25.0,1.73e-05,27.843000000000004,0.376,27.844,-2.12,6.407,,14.316,0.013,383.906,,0.093,600.0
70.6683,-139.6572,1740.0,3.31,297.08,288.0,0.4,89.14,0.0,34.705,29.21,25.0,1.7e-05,27.846,0.388,27.847,-2.12,6.4110000000000005,,14.315,0.013,383.94,,0.093,600.0
70.6683,-139.6572,1740.0,3.31,297.08,289.0,0.407,89.15,0.0,34.707,29.22,25.0,1.44e-05,27.847,0.395,27.848000000000006,-2.12,6.414,,14.315,0.013,383.94,,0.092,600.0
70.6683,-139.6572,1740.0,3.31,297.08,290.0,0.415,89.14,0.0,34.71,29.22,25.0,1.7899999999999998e-05,27.849,0.403,27.85,-2.12,6.4289999999999985,,14.08,0.013,383.94,,0.093,600.0
70.6683,-139.6572,1740.0,3.31,297.08,291.0,0.423,89.14,0.0,34.713,29.23,24.0,1.47e-05,27.851,0.411,27.852,-2.12,6.439,,13.942,0.013,383.8730000000001,,0.093,600.0
70.6683,-139.6572,1740.0,3.31,297.08,292.0,0.429,89.12,0.0,34.715,29.24,24.0,7.35e-06,27.852,0.417,27.853,-2.13,6.4529999999999985,,13.941,0.013,383.675,,0.092,600.0
70.6683,-139.6572,1740.0,3.31,297.08,293.0,0.436,89.13,0.0,34.716,29.24,24.0,1.31e-05,27.853,0.424,27.853,-2.13,6.447,,13.943,0.013,383.809,,0.092,600.0
70.6683,-139.6572,1740.0,3.31,297.08,294.0,0.448,89.11,0.0,34.72,29.25,24.0,1.12e-05,27.855,0.436,27.856,-2.13,6.428,,13.387,0.013,383.597,,0.092,600.0
70.6683,-139.6572,1740.0,3.31,297.08,295.0,0.449,89.1,0.0,34.72,29.25,24.0,6.07e-06,27.855,0.4370000000000001,27.856,-2.13,6.436,,13.341,0.013,383.387,,0.092,600.0
70.6683,-139.6572,1740.0,3.31,297.08,296.0,0.453,89.11,0.0,34.722,29.26,24.0,1.63e-05,27.856,0.441,27.857,-2.13,6.448,,13.342,0.013,383.356,,0.092,600.0
70.6683,-139.6572,1740.0,3.31,297.08,297.0,0.458,89.09,0.0,34.725,29.27,24.0,1.56e-05,27.859,0.446,27.859,-2.13,6.455,,13.23,0.013,383.215,,0.092,600.0
70.6683,-139.6572,1740.0,3.31,297.08,298.0,0.464,89.09,0.0,34.727,29.27,24.0,8.27e-06,27.86,0.452,27.861,-2.13,6.456,,13.133,0.013,383.676,,0.091,600.0
70.6683,-139.6572,1740.0,3.31,297.08,299.0,0.468,89.05,0.0,34.728,29.28,24.0,1.14e-05,27.86,0.455,27.861,-2.13,6.461,,13.133,0.013,383.411,,0.091,600.0
70.6683,-139.6572,1740.0,3.31,297.08,300.0,0.476,89.09,0.0,34.731,29.28,23.0,,27.862,0.463,27.863000000000003,-2.13,6.473,,13.884,0.013,383.45,,0.091,600.0
